umap_x,umap_y,domain,level
1.0203999,5.89741,amazon,easy
1.6712356,6.129417,amazon,easy
1.5064563,6.136245,amazon,easy
1.4580134,5.637587,amazon,easy
1.4838718,5.4723783,amazon,easy
1.6051943,5.647957,amazon,easy
1.3701743,5.880547,amazon,easy
1.4779398,5.5824556,amazon,easy
1.6067911,5.6659975,amazon,easy
1.4936154,5.7017846,amazon,easy
1.5029248,5.738645,amazon,easy
1.4125289,6.3145113,amazon,easy
1.4678576,6.414593,amazon,easy
1.0708373,6.5790377,amazon,easy
1.2358205,5.8559813,amazon,easy
9.148591,9.312981,amazon,easy
7.4726806,9.345873,amazon,easy
1.393462,6.459995,amazon,easy
1.6099503,5.40359,amazon,easy
1.4700027,6.399876,amazon,easy
-0.044866223,5.4833207,amazon,easy
-0.062409323,5.436244,amazon,easy
-0.03419529,5.4852877,amazon,easy
-0.019750422,5.51588,amazon,easy
-0.10664545,5.3978763,amazon,easy
-0.07458616,5.4362636,amazon,easy
0.008783244,5.415358,amazon,easy
-4.340899,8.722189,amazon,easy
-0.06459052,5.4580417,amazon,easy
-0.013467921,5.510529,amazon,easy
0.74725,6.5444245,amazon,easy
0.706966,6.4465494,amazon,easy
0.6243395,6.4261866,amazon,easy
0.76072425,6.521475,amazon,easy
0.6397058,6.525342,amazon,easy
0.6493834,6.5613394,amazon,easy
0.69822913,6.5701647,amazon,easy
0.64039207,6.597384,amazon,easy
0.97987944,6.3750696,amazon,easy
0.6463903,6.5740266,amazon,easy
0.2911248,6.154004,amazon,easy
0.49043083,6.292061,amazon,easy
0.40118313,6.137531,amazon,easy
0.09485021,6.079489,amazon,easy
0.25530532,6.3683257,amazon,easy
0.48220214,6.408972,amazon,easy
0.299043,6.3873377,amazon,easy
0.20247893,6.2714324,amazon,easy
0.19746107,6.3414135,amazon,easy
0.17775872,6.244074,amazon,easy
0.3666276,6.4819913,amazon,easy
0.2341141,6.483332,amazon,easy
0.5053165,6.456475,amazon,easy
0.21412852,6.4608574,amazon,easy
0.26655558,6.4620004,amazon,easy
0.2951947,6.525837,amazon,easy
0.25794333,6.4897428,amazon,easy
0.42132345,6.4972806,amazon,easy
0.42401922,6.4944983,amazon,easy
0.29259354,6.4019527,amazon,easy
0.34884602,6.2898335,amazon,easy
0.3763697,6.380558,amazon,easy
0.48826995,6.384956,amazon,easy
0.5805682,6.4831524,amazon,easy
0.4494626,6.353461,amazon,easy
0.27735847,6.3075566,amazon,easy
0.1516469,6.4142323,amazon,easy
0.21024516,6.302067,amazon,easy
0.21104921,6.383034,amazon,easy
0.3838676,6.2796593,amazon,easy
0.69924223,6.0576816,amazon,easy
0.7531025,6.0136747,amazon,easy
0.8371076,6.0597506,amazon,easy
0.782326,5.9818234,amazon,easy
0.571306,6.045737,amazon,easy
0.73725474,5.9849834,amazon,easy
0.88137156,6.050193,amazon,easy
0.84145176,5.984996,amazon,easy
0.58534133,6.159413,amazon,easy
0.5043446,6.0718274,amazon,easy
1.6546304,5.811751,amazon,medium
1.6166168,6.028916,amazon,medium
1.5980242,5.7657986,amazon,medium
1.5105708,5.4938493,amazon,medium
1.4154439,5.450545,amazon,medium
1.5555172,6.134834,amazon,medium
1.6830536,5.9568744,amazon,medium
1.5731711,5.834561,amazon,medium
1.4798214,6.3355193,amazon,medium
1.5576448,6.3075104,amazon,medium
0.97419536,6.3254776,amazon,medium
1.4225273,6.2270956,amazon,medium
1.3007023,6.383061,amazon,medium
1.2753918,6.1537857,amazon,medium
0.9127789,6.5630655,amazon,medium
1.2813169,6.4719424,amazon,medium
1.2482349,6.1101446,amazon,medium
0.88859564,6.448966,amazon,medium
1.2439132,6.1553054,amazon,medium
0.8742959,6.5208893,amazon,medium
1.5194231,5.9398074,amazon,medium
1.5175134,6.1164603,amazon,medium
1.7691376,5.9142685,amazon,medium
1.6193289,5.951662,amazon,medium
1.6490152,5.963799,amazon,medium
1.466945,5.7951484,amazon,medium
1.6919655,6.0060954,amazon,medium
1.590555,5.8261337,amazon,medium
1.4965507,5.895524,amazon,medium
1.3717157,6.34163,amazon,medium
0.3663143,6.230304,amazon,medium
0.4780691,6.1955233,amazon,medium
0.3150414,6.218922,amazon,medium
0.53642756,6.2217712,amazon,medium
0.62354165,6.210837,amazon,medium
0.23688819,6.2722526,amazon,medium
0.34412444,6.1121063,amazon,medium
0.5133072,6.1557307,amazon,medium
0.48240423,6.201338,amazon,medium
0.26026535,6.17491,amazon,medium
0.05760392,5.3684025,amazon,medium
-0.05197401,5.4547997,amazon,medium
-0.02942128,5.391502,amazon,medium
-0.023126611,5.4832773,amazon,medium
0.0069481526,5.512566,amazon,medium
-0.006045541,5.548093,amazon,medium
-0.051055074,5.449503,amazon,medium
-0.0060423133,5.402089,amazon,medium
0.17747922,5.7507234,amazon,medium
-0.07529223,5.456313,amazon,medium
-0.08653848,5.455881,amazon,medium
0.028370736,5.5702586,amazon,medium
-0.0957517,5.454845,amazon,medium
-0.06188864,5.5321627,amazon,medium
-0.06990074,5.436311,amazon,medium
-0.118492424,5.4104843,amazon,medium
0.0031029999,5.580445,amazon,medium
-0.07830454,5.4873314,amazon,medium
-0.118330665,5.465916,amazon,medium
-0.14108825,5.3916864,amazon,medium
1.7091908,6.310011,amazon,medium
1.671,6.032444,amazon,medium
1.6400009,5.887697,amazon,medium
1.5478212,6.275278,amazon,medium
1.7684435,5.9388046,amazon,medium
1.3116478,6.033445,amazon,medium
1.6892084,6.049395,amazon,medium
1.8160812,6.376302,amazon,medium
1.4390275,6.3293247,amazon,medium
1.6091342,5.8266335,amazon,medium
1.5987748,6.1532187,amazon,medium
1.4427472,6.408335,amazon,medium
1.533924,6.621873,amazon,medium
1.4598837,5.7801113,amazon,medium
1.3172865,6.384471,amazon,medium
1.5290586,6.3881006,amazon,medium
1.5984921,6.7259407,amazon,medium
1.5456029,6.658444,amazon,medium
1.3308866,6.49243,amazon,medium
1.4104292,6.4943004,amazon,medium
2.4232533,6.510912,amazon,hard
1.9534653,6.273387,amazon,hard
2.132735,6.339791,amazon,hard
2.4552777,6.497043,amazon,hard
2.1523,6.401793,amazon,hard
2.6867745,6.5866847,amazon,hard
2.1981828,6.3896627,amazon,hard
2.3035557,6.4444366,amazon,hard
2.3790925,6.46607,amazon,hard
2.1474571,6.3305964,amazon,hard
1.3298516,5.9165063,amazon,hard
1.1616116,5.6942625,amazon,hard
1.3983233,5.748119,amazon,hard
1.3384582,5.7492476,amazon,hard
1.4462981,5.711075,amazon,hard
1.0824395,5.8954678,amazon,hard
1.2753657,6.000524,amazon,hard
1.1570557,6.073902,amazon,hard
1.2182236,5.498708,amazon,hard
0.8615092,5.9517174,amazon,hard
1.472934,6.2378483,amazon,hard
1.3702205,5.9865966,amazon,hard
1.3827786,5.8804584,amazon,hard
1.0845492,5.962189,amazon,hard
1.8353993,5.906221,amazon,hard
1.5575752,5.66255,amazon,hard
1.1599958,5.839915,amazon,hard
1.1131063,5.8525724,amazon,hard
1.2255807,6.029268,amazon,hard
1.5972452,6.2695327,amazon,hard
1.1010605,5.761952,amazon,hard
1.3342261,5.502714,amazon,hard
1.3230095,5.844973,amazon,hard
1.4099644,5.6335797,amazon,hard
1.5891054,5.668984,amazon,hard
1.1909356,5.802695,amazon,hard
1.4410458,5.6302176,amazon,hard
1.3989465,5.4369802,amazon,hard
1.2217906,5.7635355,amazon,hard
1.4077911,5.573838,amazon,hard
14.152021,6.276089,biology,easy
13.812437,5.3375216,biology,easy
14.138858,5.364824,biology,easy
14.400865,5.4166355,biology,easy
13.633903,5.3588815,biology,easy
13.677138,5.408503,biology,easy
13.419792,5.3615675,biology,easy
14.022089,6.323914,biology,easy
13.672055,5.1631565,biology,easy
13.85435,5.190362,biology,easy
13.925095,5.5249867,biology,easy
14.60338,5.556677,biology,easy
15.247026,7.057256,biology,easy
14.305954,5.498145,biology,easy
14.450394,5.476747,biology,easy
14.035894,5.403701,biology,easy
14.183783,5.3080473,biology,easy
14.104102,5.4062595,biology,easy
14.055172,5.3059006,biology,easy
13.789263,5.016908,biology,easy
15.499766,6.9459295,biology,medium
14.776563,5.8059406,biology,medium
13.699487,5.320749,biology,medium
13.689343,5.969586,biology,medium
14.505704,7.788392,biology,medium
13.98659,5.275029,biology,medium
13.569239,5.891762,biology,medium
13.663944,5.169418,biology,medium
13.813549,5.2915244,biology,medium
13.717347,5.2408752,biology,medium
13.609367,5.9066825,biology,medium
13.861645,5.3271675,biology,medium
13.9625,5.3284683,biology,medium
14.184782,5.7465057,biology,medium
13.521671,5.2334085,biology,medium
13.512316,5.203697,biology,medium
13.9952345,5.8105717,biology,medium
13.814167,6.0917873,biology,medium
13.804064,5.258321,biology,medium
13.698407,5.51685,biology,medium
12.207804,11.543073,biology,medium
12.999969,12.256592,biology,medium
12.191033,11.589335,biology,medium
12.625128,11.404449,biology,medium
12.33513,11.356344,biology,medium
12.868141,11.484201,biology,medium
12.342471,10.765406,biology,medium
12.33925,11.270877,biology,medium
12.82695,12.233516,biology,medium
12.518267,11.293138,biology,medium
13.124751,11.130037,biology,medium
13.334398,11.573202,biology,medium
12.746492,10.934844,biology,medium
12.598478,10.879071,biology,medium
12.971568,11.331814,biology,medium
12.869882,11.11718,biology,medium
12.128289,11.357134,biology,medium
13.183604,11.072961,biology,medium
12.73651,11.044935,biology,medium
12.808722,11.069767,biology,medium
11.988923,9.316879,biology,medium
12.21728,11.013495,biology,medium
12.058608,8.904545,biology,medium
12.143293,9.304946,biology,medium
12.1940155,9.240634,biology,medium
12.597641,9.113788,biology,medium
12.140906,9.210043,biology,medium
12.187105,9.405747,biology,medium
12.15908,10.101534,biology,medium
11.90469,9.867936,biology,medium
13.497204,5.3397317,biology,easy
13.543114,5.15702,biology,easy
13.739714,5.4180026,biology,easy
13.931937,5.1334953,biology,easy
13.879321,5.183386,biology,easy
13.38038,5.3171496,biology,easy
13.591816,5.2786126,biology,easy
13.746653,5.239433,biology,easy
13.803051,5.241277,biology,easy
13.450495,5.3667626,biology,easy
13.798681,5.2846,biology,easy
13.643395,5.4316797,biology,easy
13.662976,5.2416177,biology,easy
14.202296,6.5638733,biology,easy
13.421877,5.0928016,biology,easy
14.124691,6.843071,biology,easy
13.931729,5.661665,biology,easy
13.678517,5.4165015,biology,easy
14.325241,6.1871357,biology,easy
14.171552,5.9355993,biology,easy
13.915356,8.85513,biology,easy
14.044521,8.676764,biology,easy
14.10923,8.693692,biology,easy
14.037819,8.75036,biology,easy
13.862015,8.902787,biology,easy
14.090655,8.640488,biology,easy
14.012749,8.518717,biology,easy
14.082414,8.681142,biology,easy
8.620213,10.326883,biology,easy
14.289294,8.745996,biology,easy
11.633568,8.655797,biology,medium
12.477626,9.054295,biology,medium
11.559587,8.798718,biology,medium
11.794685,8.67633,biology,medium
10.506517,9.103295,biology,medium
11.949213,8.838958,biology,medium
11.841793,8.595229,biology,medium
11.951504,9.017191,biology,medium
11.975378,8.801229,biology,medium
10.553393,9.137657,biology,medium
12.879636,11.702899,biology,medium
12.415486,11.857226,biology,medium
13.381374,11.773865,biology,medium
12.136937,12.144054,biology,medium
13.454855,11.887916,biology,medium
11.964816,11.068121,biology,medium
12.443896,11.805706,biology,medium
12.425701,11.951172,biology,medium
12.207523,11.969087,biology,medium
12.25565,12.042234,biology,medium
14.652264,13.330209,biology,medium
14.355785,13.507773,biology,medium
14.380352,13.453985,biology,medium
14.560012,13.410633,biology,medium
14.058011,13.352863,biology,medium
14.685349,13.265381,biology,medium
14.353684,13.548152,biology,medium
14.046323,13.3646965,biology,medium
14.64756,13.336929,biology,medium
14.065748,13.352624,biology,medium
11.421669,-3.8040936,biology,hard
11.164658,-3.9793615,biology,hard
11.390582,-3.8464758,biology,hard
12.641262,-3.5270827,biology,hard
11.482712,-3.774517,biology,hard
11.438025,-3.8227918,biology,hard
11.458267,-3.8186128,biology,hard
11.439732,-3.822427,biology,hard
11.259753,-3.945394,biology,hard
11.46877,-3.7205908,biology,hard
13.626799,5.1677423,chemistry,easy
15.1801,6.526137,chemistry,easy
15.032513,6.5233946,chemistry,easy
13.888867,5.219734,chemistry,easy
13.964811,5.6755958,chemistry,easy
15.496187,6.8813496,chemistry,easy
14.961511,5.904816,chemistry,easy
14.8938875,5.874253,chemistry,easy
14.111807,5.2502923,chemistry,easy
14.858774,5.6883836,chemistry,easy
14.764224,5.678488,chemistry,easy
15.20964,6.2171493,chemistry,easy
14.809338,5.873036,chemistry,easy
14.660882,5.661355,chemistry,easy
14.302317,5.5319543,chemistry,easy
14.41865,5.576478,chemistry,easy
14.699686,5.5462875,chemistry,easy
14.3915,5.413313,chemistry,easy
14.922339,5.7791405,chemistry,easy
14.314452,5.3454957,chemistry,easy
14.390581,5.855441,chemistry,medium
14.983532,6.078907,chemistry,medium
15.4203615,6.9417644,chemistry,medium
14.479195,5.7023563,chemistry,medium
15.063204,6.045735,chemistry,medium
14.7649,5.6153316,chemistry,medium
14.768258,5.5687537,chemistry,medium
15.515125,6.8989644,chemistry,medium
15.227357,6.1741333,chemistry,medium
14.912233,7.119807,chemistry,medium
14.935517,5.9003086,chemistry,medium
13.723438,5.7657127,chemistry,medium
15.355116,6.2869606,chemistry,medium
14.608216,5.8888884,chemistry,medium
14.425608,5.67329,chemistry,medium
15.011429,5.9620824,chemistry,medium
13.949259,5.313293,chemistry,medium
12.510282,8.424543,chemistry,medium
15.308072,6.5018926,chemistry,medium
14.845862,5.593112,chemistry,medium
12.3062315,11.382597,chemistry,medium
12.832748,12.24662,chemistry,medium
12.305782,11.296676,chemistry,medium
12.081322,11.207097,chemistry,medium
12.45927,11.346368,chemistry,medium
12.424102,11.775629,chemistry,medium
12.471289,11.901365,chemistry,medium
12.643679,11.40535,chemistry,medium
12.890983,12.206379,chemistry,medium
12.461947,11.702456,chemistry,medium
13.278211,11.523845,chemistry,medium
13.092029,11.259091,chemistry,medium
13.127104,11.197119,chemistry,medium
13.292295,11.192499,chemistry,medium
12.768193,11.319198,chemistry,medium
13.436829,11.282565,chemistry,medium
12.550787,11.20797,chemistry,medium
13.259015,11.193328,chemistry,medium
12.234281,9.539887,chemistry,medium
13.174056,11.451051,chemistry,medium
12.163038,8.862422,chemistry,medium
11.886039,9.09394,chemistry,medium
12.1165695,9.445361,chemistry,medium
12.338055,9.146613,chemistry,medium
12.258801,9.194722,chemistry,medium
12.215254,8.987963,chemistry,medium
11.960141,9.370206,chemistry,medium
12.679969,9.122931,chemistry,medium
12.393437,8.972748,chemistry,medium
12.0289345,9.317641,chemistry,medium
14.212116,6.127773,chemistry,easy
14.517281,5.607871,chemistry,easy
14.668464,6.056686,chemistry,easy
14.1123495,5.4318843,chemistry,easy
15.011815,6.3962674,chemistry,easy
14.605155,6.669517,chemistry,easy
14.833716,6.2417235,chemistry,easy
14.8645735,6.5454926,chemistry,easy
13.968114,5.629961,chemistry,easy
14.255407,5.8333406,chemistry,easy
14.859519,5.6841145,chemistry,easy
14.5733795,6.2419786,chemistry,easy
14.739678,6.5247045,chemistry,easy
14.58631,6.2748933,chemistry,easy
14.628261,6.1579247,chemistry,easy
13.925741,5.671987,chemistry,easy
14.807987,6.389782,chemistry,easy
14.789201,6.1434646,chemistry,easy
14.715646,6.1813827,chemistry,easy
14.054388,5.49245,chemistry,easy
14.147729,8.691762,chemistry,easy
14.406272,8.765979,chemistry,easy
14.198548,8.742261,chemistry,easy
14.1219845,8.742525,chemistry,easy
13.916271,8.554597,chemistry,easy
14.213956,8.326925,chemistry,easy
14.2151165,8.710693,chemistry,easy
14.375335,8.770798,chemistry,easy
13.926123,8.606062,chemistry,easy
13.990998,8.499633,chemistry,easy
12.014864,8.846812,chemistry,medium
11.88276,8.501788,chemistry,medium
11.789527,8.764031,chemistry,medium
11.887249,9.003206,chemistry,medium
11.512772,8.752718,chemistry,medium
12.554113,9.020348,chemistry,medium
12.169565,8.67428,chemistry,medium
11.843172,8.573649,chemistry,medium
11.95017,9.063304,chemistry,medium
11.4657,8.874297,chemistry,medium
12.140664,12.1613,chemistry,medium
12.174689,12.109796,chemistry,medium
12.2999735,11.920212,chemistry,medium
12.597576,11.820276,chemistry,medium
13.628733,11.772715,chemistry,medium
12.732563,11.740592,chemistry,medium
13.651831,11.81228,chemistry,medium
13.661027,11.775108,chemistry,medium
12.608392,11.871133,chemistry,medium
12.695895,11.622995,chemistry,medium
14.059593,13.3502035,chemistry,medium
14.627204,13.294352,chemistry,medium
14.649001,13.301113,chemistry,medium
14.19506,13.589076,chemistry,medium
14.668886,13.365314,chemistry,medium
14.460948,13.3527775,chemistry,medium
14.715092,13.252563,chemistry,medium
14.150308,13.364194,chemistry,medium
14.440688,13.361392,chemistry,medium
14.072141,13.358291,chemistry,medium
11.619057,-3.42305,chemistry,hard
11.612831,-3.4620714,chemistry,hard
11.626953,-3.419625,chemistry,hard
11.624785,-3.3998141,chemistry,hard
11.619808,-3.422757,chemistry,hard
11.654319,-3.382971,chemistry,hard
11.610307,-3.4827008,chemistry,hard
11.6438465,-3.406385,chemistry,hard
11.619004,-3.4187753,chemistry,hard
11.599389,-3.465732,chemistry,hard
13.290006,5.781026,computer_science,easy
15.17821,7.45123,computer_science,easy
15.214582,7.315159,computer_science,easy
14.619005,7.2734194,computer_science,easy
14.272099,7.647623,computer_science,easy
13.971038,7.9082665,computer_science,easy
14.7168,7.072981,computer_science,easy
14.033025,7.4017186,computer_science,easy
14.449072,7.4453645,computer_science,easy
14.073219,7.4957776,computer_science,easy
13.824108,10.007933,computer_science,easy
13.778205,9.979588,computer_science,easy
13.8386135,10.046819,computer_science,easy
13.840989,10.027854,computer_science,easy
13.853136,10.03557,computer_science,easy
13.844012,10.061315,computer_science,easy
13.857393,9.99798,computer_science,easy
13.841861,9.990119,computer_science,easy
13.87445,10.023684,computer_science,easy
13.912245,9.965878,computer_science,easy
14.517721,7.465018,computer_science,easy
14.564542,7.4744534,computer_science,easy
14.482264,7.9195495,computer_science,easy
15.057132,7.3491497,computer_science,easy
14.272825,7.547354,computer_science,easy
14.859271,7.4476275,computer_science,easy
14.533004,7.5002503,computer_science,easy
14.73581,7.4097548,computer_science,easy
14.42858,7.318733,computer_science,easy
14.633818,7.4074016,computer_science,easy
15.306219,6.7591934,computer_science,medium
15.092394,6.1405654,computer_science,medium
15.416092,7.025768,computer_science,medium
14.694158,5.8360934,computer_science,medium
13.853206,7.93516,computer_science,medium
14.058407,7.673325,computer_science,medium
13.9998,7.7928915,computer_science,medium
13.908877,5.3505397,computer_science,medium
13.703156,8.833189,computer_science,medium
13.4646435,11.097043,computer_science,medium
14.073122,7.9426985,computer_science,medium
14.437143,8.153301,computer_science,medium
14.145892,7.7774324,computer_science,medium
13.982801,7.8451138,computer_science,medium
14.019391,8.094129,computer_science,medium
14.528591,7.4903574,computer_science,medium
14.3545885,7.556004,computer_science,medium
13.953,8.035912,computer_science,medium
14.387941,7.539752,computer_science,medium
14.317121,7.744062,computer_science,medium
13.250815,11.084678,computer_science,medium
12.882554,12.247756,computer_science,medium
12.886234,12.283832,computer_science,medium
13.357394,11.375184,computer_science,medium
13.444788,11.408274,computer_science,medium
12.809099,12.317625,computer_science,medium
12.980255,12.272419,computer_science,medium
13.230142,11.427088,computer_science,medium
12.910424,12.289752,computer_science,medium
12.569091,11.669925,computer_science,medium
12.522987,10.7095,computer_science,medium
13.377837,11.16593,computer_science,medium
13.603549,11.417608,computer_science,medium
13.40736,11.207689,computer_science,medium
13.252985,11.108618,computer_science,medium
13.196649,10.905109,computer_science,medium
13.297502,11.149755,computer_science,medium
12.73521,10.937589,computer_science,medium
13.399137,11.19823,computer_science,medium
13.263481,11.238404,computer_science,medium
11.962591,9.044236,computer_science,medium
12.5893345,8.981386,computer_science,medium
12.47558,8.752492,computer_science,medium
12.512958,8.685658,computer_science,medium
12.307945,9.005846,computer_science,medium
12.028095,9.153239,computer_science,medium
12.067166,9.209248,computer_science,medium
12.205491,8.845898,computer_science,medium
12.694871,8.798412,computer_science,medium
12.7081585,8.988846,computer_science,medium
13.347738,5.4179754,computer_science,easy
13.650704,7.5203843,computer_science,easy
12.254088,8.628837,computer_science,easy
14.46155,6.940586,computer_science,easy
14.295588,8.041656,computer_science,easy
14.171049,7.435477,computer_science,easy
13.924074,7.6106987,computer_science,easy
14.212024,7.474169,computer_science,easy
13.794207,7.3953686,computer_science,easy
13.942701,7.187733,computer_science,easy
13.643996,7.4081483,computer_science,easy
14.553029,7.4456716,computer_science,easy
13.904561,7.725861,computer_science,easy
14.078145,7.2053037,computer_science,easy
13.575275,7.449115,computer_science,easy
13.883208,7.3953853,computer_science,easy
12.64279,8.935279,computer_science,easy
13.995169,7.390378,computer_science,easy
13.931215,7.250423,computer_science,easy
13.780466,7.3164744,computer_science,easy
14.565283,8.084954,computer_science,easy
14.450416,8.701482,computer_science,easy
14.463393,8.756318,computer_science,easy
14.552736,8.756561,computer_science,easy
14.373258,8.667465,computer_science,easy
14.227668,8.69509,computer_science,easy
14.476327,8.619239,computer_science,easy
14.304205,8.682562,computer_science,easy
13.797419,8.343477,computer_science,easy
12.567235,8.562569,computer_science,easy
12.115367,9.027867,computer_science,easy
11.898288,9.072307,computer_science,easy
12.644151,9.086951,computer_science,easy
13.678742,5.39168,computer_science,easy
12.041837,9.0207,computer_science,easy
11.777728,8.9305105,computer_science,easy
12.029883,8.678504,computer_science,easy
12.396139,8.616705,computer_science,easy
12.050696,8.557752,computer_science,easy
11.8401375,8.705759,computer_science,easy
13.684354,11.644306,computer_science,medium
13.734805,11.652021,computer_science,medium
13.748533,11.555876,computer_science,medium
13.643635,11.575299,computer_science,medium
13.713146,11.631641,computer_science,medium
12.233535,12.21644,computer_science,medium
13.592272,11.657617,computer_science,medium
12.990505,11.844271,computer_science,medium
13.69437,11.554813,computer_science,medium
13.626357,11.557886,computer_science,medium
14.113846,13.302691,computer_science,medium
14.306416,13.330005,computer_science,medium
14.066786,13.239504,computer_science,medium
14.127152,12.761256,computer_science,medium
14.628417,13.358559,computer_science,medium
14.202288,13.28572,computer_science,medium
14.175743,13.257106,computer_science,medium
14.22863,13.130132,computer_science,medium
14.046836,13.275585,computer_science,medium
14.469816,13.362956,computer_science,medium
14.417232,9.655664,computer_science,medium
14.405779,9.585218,computer_science,medium
14.383164,9.655489,computer_science,medium
14.424589,9.604247,computer_science,medium
14.418038,9.56127,computer_science,medium
14.410457,9.571315,computer_science,medium
14.434628,9.621289,computer_science,medium
14.422857,9.73128,computer_science,medium
14.378625,9.539601,computer_science,medium
14.438984,9.596139,computer_science,medium
13.045079,-0.51227546,healthcare,easy
13.061257,-0.49290094,healthcare,easy
13.051525,-0.51189846,healthcare,easy
13.040958,-0.5230242,healthcare,easy
13.065837,-0.51303405,healthcare,easy
13.048098,-0.51732916,healthcare,easy
13.056125,-0.49810052,healthcare,easy
13.046382,-0.51556337,healthcare,easy
13.067518,-0.5221209,healthcare,easy
13.074359,-0.56820184,healthcare,easy
12.29203,-0.9506891,healthcare,easy
12.226122,-0.92818046,healthcare,easy
12.484974,-0.8099661,healthcare,easy
12.272005,-0.85388243,healthcare,easy
12.267756,-0.9245068,healthcare,easy
12.3287,-0.83894086,healthcare,easy
12.308882,-0.8595378,healthcare,easy
12.3065,-0.8179557,healthcare,easy
12.312731,-0.8703401,healthcare,easy
12.332656,-0.8605603,healthcare,easy
10.684896,-4.225362,healthcare,easy
10.847327,-4.166788,healthcare,easy
10.706634,-4.1545477,healthcare,easy
10.863655,-4.129999,healthcare,easy
10.861016,-4.163414,healthcare,easy
10.858414,-4.0924773,healthcare,easy
10.962338,-4.0723476,healthcare,easy
10.77075,-4.228598,healthcare,easy
10.75379,-4.2139864,healthcare,easy
10.763558,-4.206409,healthcare,easy
10.953482,-4.162771,healthcare,easy
10.917153,-4.1710005,healthcare,easy
10.956185,-4.1611204,healthcare,easy
10.920412,-4.2116218,healthcare,easy
10.930262,-4.219448,healthcare,easy
10.9280205,-4.142481,healthcare,easy
10.965289,-4.150851,healthcare,easy
10.9042,-4.2609987,healthcare,easy
10.927981,-4.184679,healthcare,easy
10.907939,-4.201808,healthcare,easy
10.245415,-3.1085205,healthcare,easy
10.320047,-3.0640454,healthcare,easy
10.2834,-3.0123556,healthcare,easy
10.266011,-3.0409372,healthcare,easy
10.264952,-3.1240816,healthcare,easy
10.33774,-3.0181687,healthcare,easy
10.3345375,-3.115042,healthcare,easy
10.350808,-3.1520338,healthcare,easy
10.217941,-3.017402,healthcare,easy
10.266665,-3.0748985,healthcare,easy
10.275099,-3.0878558,healthcare,easy
10.231338,-3.0495667,healthcare,easy
10.267017,-3.1221492,healthcare,easy
10.25796,-3.1146886,healthcare,easy
10.237986,-3.0813017,healthcare,easy
10.22777,-3.0918636,healthcare,easy
10.323052,-3.16009,healthcare,easy
10.297208,-3.079703,healthcare,easy
10.19136,-3.0456927,healthcare,easy
10.270914,-3.115043,healthcare,easy
10.291306,-3.0670726,healthcare,easy
10.369174,-3.1981456,healthcare,easy
10.2884035,-3.0681968,healthcare,easy
10.278019,-3.0672858,healthcare,easy
10.385117,-2.972033,healthcare,easy
10.3055725,-3.0875409,healthcare,easy
10.305478,-3.0698068,healthcare,easy
10.334535,-3.1312323,healthcare,easy
10.387723,-3.0913785,healthcare,easy
10.407517,-2.999408,healthcare,easy
13.482436,-1.3850468,healthcare,medium
13.700264,-1.5781926,healthcare,medium
13.616981,-1.3320755,healthcare,medium
13.64931,-1.3740435,healthcare,medium
13.579021,-1.6160283,healthcare,medium
13.705891,-1.5978233,healthcare,medium
13.631552,-1.5568273,healthcare,medium
13.750208,-1.5587846,healthcare,medium
13.575415,-1.313372,healthcare,medium
13.709824,-1.5287445,healthcare,medium
13.072747,-1.8768337,healthcare,medium
13.3345175,-1.9495504,healthcare,medium
13.591207,-1.8714038,healthcare,medium
13.052269,-1.8706841,healthcare,medium
13.175899,-1.974826,healthcare,medium
13.361641,-1.9805177,healthcare,medium
13.075106,-1.8718129,healthcare,medium
13.007791,-1.9199901,healthcare,medium
13.001436,-1.8560823,healthcare,medium
13.5023155,-1.9298671,healthcare,medium
13.260054,-2.0170481,healthcare,medium
13.133222,-1.9771768,healthcare,medium
13.259501,-1.9286582,healthcare,medium
12.9019575,-2.4996476,healthcare,medium
13.034807,-1.9730206,healthcare,medium
13.083697,-2.2519739,healthcare,medium
13.241217,-1.879335,healthcare,medium
13.101757,-2.1056557,healthcare,medium
13.215631,-2.1047597,healthcare,medium
13.518423,-1.8979493,healthcare,medium
13.161133,-2.1378765,healthcare,medium
12.819026,-2.4500782,healthcare,medium
12.920856,-2.4259217,healthcare,medium
12.826707,-2.5261269,healthcare,medium
12.944618,-2.1632807,healthcare,medium
12.761277,-2.5370693,healthcare,medium
12.792332,-2.5678248,healthcare,medium
12.972518,-2.0866666,healthcare,medium
12.940641,-2.2578819,healthcare,medium
12.745733,-2.4628077,healthcare,medium
12.7891245,-2.4788606,healthcare,medium
12.773037,-2.5059888,healthcare,medium
12.696637,-2.493889,healthcare,medium
12.801851,-2.4327185,healthcare,medium
12.84637,-2.6482024,healthcare,medium
12.90382,-2.092443,healthcare,medium
12.854681,-2.508007,healthcare,medium
12.892421,-2.9830928,healthcare,medium
12.866105,-2.5229425,healthcare,medium
12.845374,-2.5725584,healthcare,medium
12.77156,-2.4073184,healthcare,medium
12.90846,-2.069105,healthcare,medium
12.606622,-1.9502294,healthcare,medium
12.743231,-2.5318267,healthcare,medium
12.782606,-2.6254663,healthcare,medium
12.990999,-1.9509262,healthcare,medium
12.750311,-2.3021197,healthcare,medium
12.954517,-2.375446,healthcare,medium
13.037406,-1.9921205,healthcare,medium
12.848953,-2.3813481,healthcare,medium
8.417126,-3.9218683,healthcare,medium
8.411827,-3.9361618,healthcare,medium
8.392446,-3.9466815,healthcare,medium
8.40065,-3.9409952,healthcare,medium
8.400037,-3.937968,healthcare,medium
8.394811,-3.9435916,healthcare,medium
8.39897,-3.9387763,healthcare,medium
8.3994665,-3.938657,healthcare,medium
8.403042,-3.9349623,healthcare,medium
8.368186,-3.9720728,healthcare,medium
14.396171,-1.0463437,healthcare,easy
14.376441,-1.0754215,healthcare,easy
14.347191,-1.0818702,healthcare,easy
14.405025,-1.0399609,healthcare,easy
14.348479,-1.0831273,healthcare,easy
14.409915,-1.0412587,healthcare,easy
14.399647,-1.04829,healthcare,easy
14.390346,-1.0558553,healthcare,easy
14.433523,-1.0138997,healthcare,easy
14.422073,-1.0280763,healthcare,easy
12.428638,-1.2153392,healthcare,easy
12.488562,-1.1071997,healthcare,easy
12.39028,-1.1555661,healthcare,easy
12.40969,-1.2122866,healthcare,easy
12.42311,-1.0751863,healthcare,easy
12.42155,-1.2025506,healthcare,easy
12.453268,-1.0580128,healthcare,easy
12.4459915,-1.0576311,healthcare,easy
12.394801,-1.1524997,healthcare,easy
12.452006,-1.0556546,healthcare,easy
13.788186,-1.4217108,healthcare,easy
13.76394,-1.4484519,healthcare,easy
13.772699,-1.4615941,healthcare,easy
13.734629,-1.257173,healthcare,easy
13.793559,-1.3522533,healthcare,easy
13.762001,-1.2962292,healthcare,easy
13.784072,-1.4091533,healthcare,easy
13.771148,-1.3375217,healthcare,easy
13.805781,-1.3141243,healthcare,easy
13.754035,-1.4415064,healthcare,easy
13.535294,-1.9977869,healthcare,medium
13.688743,-1.7326899,healthcare,medium
13.710989,-1.7842476,healthcare,medium
13.79209,-1.8122014,healthcare,medium
13.618187,-1.941871,healthcare,medium
13.75132,-1.8181973,healthcare,medium
13.732184,-1.7894453,healthcare,medium
13.709385,-1.7801993,healthcare,medium
13.676723,-1.8311863,healthcare,medium
13.660442,-1.8646307,healthcare,medium
13.673278,-1.870716,healthcare,medium
13.770068,-1.8152071,healthcare,medium
13.810121,-1.8499445,healthcare,medium
13.7995825,-1.8525376,healthcare,medium
13.709959,-1.798476,healthcare,medium
13.792945,-1.8567467,healthcare,medium
13.804469,-1.8639235,healthcare,medium
13.776032,-1.8428396,healthcare,medium
13.804484,-1.812144,healthcare,medium
13.77762,-1.8182639,healthcare,medium
13.249253,-3.285773,healthcare,medium
13.348019,-3.5533853,healthcare,medium
13.125145,-3.4482665,healthcare,medium
13.197309,-3.4073443,healthcare,medium
13.228199,-3.4714212,healthcare,medium
13.1595745,-3.355795,healthcare,medium
13.111814,-3.378096,healthcare,medium
13.186454,-3.3999114,healthcare,medium
13.058822,-3.412558,healthcare,medium
13.238214,-3.334364,healthcare,medium
13.294252,-3.4855082,healthcare,medium
13.211876,-3.312614,healthcare,medium
13.208,-3.3715599,healthcare,medium
13.232419,-3.5038888,healthcare,medium
13.095908,-3.4120562,healthcare,medium
13.118979,-3.2931128,healthcare,medium
13.139252,-3.397635,healthcare,medium
13.324805,-3.525301,healthcare,medium
13.396065,-3.5750196,healthcare,medium
13.329136,-3.4897275,healthcare,medium
13.396585,-3.6009734,healthcare,medium
13.271651,-3.461481,healthcare,medium
13.247086,-3.3443778,healthcare,medium
13.281465,-3.4903722,healthcare,medium
13.37574,-3.580275,healthcare,medium
13.40797,-3.6076908,healthcare,medium
12.972324,-3.435144,healthcare,medium
13.208289,-3.4269936,healthcare,medium
13.1729355,-3.4043143,healthcare,medium
13.291606,-3.504817,healthcare,medium
12.855301,-3.459879,healthcare,medium
12.924796,-3.5035636,healthcare,medium
12.848524,-3.2483287,healthcare,medium
12.821506,-3.292731,healthcare,medium
12.975636,-3.3259819,healthcare,medium
12.893202,-3.54722,healthcare,medium
12.829,-3.5706198,healthcare,medium
12.848036,-3.4439468,healthcare,medium
12.976096,-3.5526357,healthcare,medium
12.95177,-3.4213188,healthcare,medium
12.929406,-3.4295585,healthcare,medium
12.986448,-3.320005,healthcare,medium
12.806005,-3.2805176,healthcare,medium
12.973224,-3.6007252,healthcare,medium
13.27165,-3.5297363,healthcare,medium
13.048207,-3.5004213,healthcare,medium
13.002196,-3.3507898,healthcare,medium
13.019559,-3.5172222,healthcare,medium
13.0266695,-3.3737125,healthcare,medium
12.8869295,-3.383652,healthcare,medium
12.795301,-3.4287007,healthcare,medium
12.783573,-3.5857956,healthcare,medium
12.803048,-3.347589,healthcare,medium
12.875684,-3.5402572,healthcare,medium
12.913404,-3.5023563,healthcare,medium
12.792214,-3.336074,healthcare,medium
12.76285,-3.3802326,healthcare,medium
13.0643215,-3.540886,healthcare,medium
12.797442,-3.6052701,healthcare,medium
12.892968,-3.6080775,healthcare,medium
10.274157,-4.3835015,healthcare,medium
10.276658,-4.378037,healthcare,medium
10.27097,-4.395418,healthcare,medium
10.25966,-4.399158,healthcare,medium
10.257016,-4.4032955,healthcare,medium
10.241095,-4.415311,healthcare,medium
10.280457,-4.404894,healthcare,medium
10.256796,-4.4068804,healthcare,medium
10.278538,-4.387313,healthcare,medium
10.256946,-4.40384,healthcare,medium
12.383952,-1.0037609,healthcare,medium
12.40837,-1.0416026,healthcare,medium
12.4208555,-0.9847958,healthcare,medium
12.434396,-1.0665039,healthcare,medium
12.369496,-1.1320962,healthcare,medium
12.405099,-1.0197493,healthcare,medium
12.428803,-1.0817593,healthcare,medium
12.339018,-1.0562631,healthcare,medium
12.291121,-0.99706984,healthcare,medium
12.418837,-1.1083094,healthcare,medium
-4.521534,8.581679,legal,easy
-4.513891,8.609401,legal,easy
-4.4368734,8.607177,legal,easy
-4.4795566,8.558329,legal,easy
-4.4802794,8.572152,legal,easy
-4.4694905,8.537986,legal,easy
-4.4439597,8.563679,legal,easy
-4.454173,8.579024,legal,easy
-4.526642,8.546916,legal,easy
-4.4827533,8.593843,legal,easy
-4.5161614,8.604703,legal,easy
-4.4621606,8.5951185,legal,easy
-4.534456,8.631191,legal,easy
-4.509265,8.589337,legal,easy
-4.5060506,8.591636,legal,easy
-4.5284004,8.616175,legal,easy
-4.546335,8.620878,legal,easy
-4.531344,8.561881,legal,easy
-4.515964,8.591372,legal,easy
-4.5032806,8.576385,legal,easy
-5.267396,9.122643,legal,easy
-5.2736964,9.148187,legal,easy
-5.2195263,9.189234,legal,easy
-5.244033,9.156007,legal,easy
-5.2244124,9.175417,legal,easy
-5.280887,9.137332,legal,easy
-5.2244215,9.221347,legal,easy
-5.2688894,9.154498,legal,easy
-5.3050084,9.126381,legal,easy
-5.2646437,9.164546,legal,easy
-7.6621537,8.014966,legal,easy
-7.6652946,8.021769,legal,easy
-7.664194,8.022402,legal,easy
-7.668141,8.047644,legal,easy
-7.6750236,8.039706,legal,easy
-7.642323,7.996461,legal,easy
-7.665779,8.021375,legal,easy
-7.660181,8.03003,legal,easy
-7.658919,8.018671,legal,easy
-7.666155,8.007851,legal,easy
-6.5168505,11.760051,legal,easy
-6.398649,12.008736,legal,easy
-6.3742356,12.047629,legal,easy
-6.566544,11.741196,legal,easy
-4.726791,8.92765,legal,easy
-6.5685577,11.746338,legal,easy
-6.591019,11.691661,legal,easy
-6.5471764,11.886784,legal,easy
-6.5319023,11.878388,legal,easy
-6.60828,11.783143,legal,easy
-6.4156637,12.397408,legal,medium
-6.4016027,12.219862,legal,medium
-6.4105153,12.375713,legal,medium
-6.3594136,12.321557,legal,medium
-6.563996,12.3099575,legal,medium
-6.4354963,12.372154,legal,medium
-6.356806,12.373482,legal,medium
-6.364556,12.436739,legal,medium
-6.3896174,12.23965,legal,medium
-6.6259236,12.51497,legal,medium
-6.8604884,11.432615,legal,medium
-6.8311663,11.458915,legal,medium
-6.9163117,11.394769,legal,medium
-6.8825755,11.413028,legal,medium
-6.9215455,11.369179,legal,medium
-6.926683,11.377959,legal,medium
-6.89406,11.398021,legal,medium
-6.867474,11.401043,legal,medium
-6.898355,11.418756,legal,medium
-6.923862,11.372994,legal,medium
-6.303744,11.909453,legal,medium
-6.3881526,11.820593,legal,medium
-6.4995728,11.898302,legal,medium
-6.49123,11.964974,legal,medium
-6.495804,11.6924305,legal,medium
-6.563435,11.7703085,legal,medium
-6.56405,11.7670965,legal,medium
-6.5588655,11.810313,legal,medium
-6.4039483,11.812089,legal,medium
-6.2853203,12.041991,legal,medium
-7.938423,7.310575,legal,easy
-7.964216,7.285407,legal,easy
-7.965123,7.2738748,legal,easy
-7.9641953,7.2761383,legal,easy
-7.9553514,7.2821045,legal,easy
-7.964318,7.277789,legal,easy
-7.964525,7.2751684,legal,easy
-7.971632,7.2597394,legal,easy
-7.9572077,7.2897134,legal,easy
-7.9646697,7.2761707,legal,easy
-6.4444594,12.289842,legal,easy
-6.3844166,12.505171,legal,easy
-6.302646,12.345163,legal,easy
-6.725866,12.543997,legal,easy
-6.5949545,12.615055,legal,easy
-6.477682,12.412761,legal,easy
-6.806919,12.543501,legal,easy
-6.5931506,12.417672,legal,easy
-6.6551585,11.73885,legal,easy
-6.276861,12.182038,legal,easy
-5.4173813,10.063202,legal,medium
-5.424045,10.094322,legal,medium
-5.4061313,10.09878,legal,medium
-5.436869,10.114396,legal,medium
-5.421076,10.082026,legal,medium
-5.4232836,10.091894,legal,medium
-5.421538,10.03706,legal,medium
-5.4124284,10.06001,legal,medium
-5.4372997,10.030296,legal,medium
-5.426137,10.077375,legal,medium
-6.9159317,12.698045,legal,medium
-6.8839035,12.68011,legal,medium
-6.979547,12.75019,legal,medium
-6.858171,12.6652565,legal,medium
-6.9196773,12.705404,legal,medium
-6.896901,12.672878,legal,medium
-6.9533305,12.732638,legal,medium
-6.869338,12.659272,legal,medium
-6.957944,12.740772,legal,medium
-6.7430077,12.485356,legal,medium
-6.496618,11.948455,legal,medium
-6.642042,11.926235,legal,medium
-6.6198716,11.865989,legal,medium
-6.504002,11.842754,legal,medium
-6.5795355,11.681087,legal,medium
-6.556632,11.841288,legal,medium
-6.6655083,11.93774,legal,medium
-6.6181927,11.977895,legal,medium
-6.243706,12.076072,legal,medium
-6.5416117,11.840833,legal,medium
-6.6388063,12.225374,legal,medium
-6.6060524,12.49226,legal,medium
-6.6281605,12.1981,legal,medium
-6.4360495,12.463184,legal,medium
-6.317221,12.322412,legal,medium
-6.7083354,12.442431,legal,medium
-6.827077,12.631925,legal,medium
-6.7967887,12.614923,legal,medium
-6.778974,12.57424,legal,medium
-6.774183,12.56975,legal,medium
-6.4263816,12.466747,legal,medium
-6.4562187,12.37235,legal,medium
-6.3883643,11.84584,legal,medium
-6.366228,12.420848,legal,medium
-6.3801026,12.342995,legal,medium
-6.3340263,12.337651,legal,medium
-6.4019485,12.263863,legal,medium
-6.4346466,12.501169,legal,medium
-6.3734426,12.387166,legal,medium
-6.2765813,12.032396,legal,medium
-5.0495515,9.347832,legal,medium
-5.081122,9.351125,legal,medium
-5.0846453,9.32197,legal,medium
-5.067486,9.3501625,legal,medium
-5.0719266,9.3365135,legal,medium
-5.0436378,9.3778515,legal,medium
-5.05388,9.33876,legal,medium
-5.0427423,9.302942,legal,medium
-5.0475717,9.357433,legal,medium
-5.0700965,9.339284,legal,medium
-5.9522967,12.077083,legal,hard
-5.9387445,11.959525,legal,hard
-5.9201703,11.937377,legal,hard
-6.105079,12.034785,legal,hard
-5.982534,12.130264,legal,hard
-6.05525,12.11886,legal,hard
-5.94981,12.104008,legal,hard
-6.0536513,12.006895,legal,hard
-6.083849,12.216746,legal,hard
-5.9477844,12.130184,legal,hard
-5.9477305,12.052945,legal,hard
-5.942033,12.131528,legal,hard
-5.9014573,11.982289,legal,hard
-5.9111204,11.916569,legal,hard
-5.9907956,11.917946,legal,hard
-5.870716,11.896044,legal,hard
-6.0708404,11.954375,legal,hard
-5.9282436,11.992634,legal,hard
-5.8648086,11.905112,legal,hard
-5.9571652,12.055513,legal,hard
9.44332,9.980215,literature,easy
8.479948,9.802671,literature,easy
8.93986,9.565373,literature,easy
8.771807,9.69707,literature,easy
8.94711,9.934846,literature,easy
8.792004,9.705238,literature,easy
8.902868,9.662099,literature,easy
9.409416,9.953714,literature,easy
9.011117,9.786991,literature,easy
8.748145,9.707308,literature,easy
8.90312,9.436982,literature,easy
9.152233,9.638215,literature,easy
12.900095,10.591092,literature,easy
9.23486,9.672844,literature,easy
9.077384,9.664184,literature,easy
8.848342,9.658585,literature,easy
9.086765,9.621324,literature,easy
9.021518,9.482163,literature,easy
8.678662,10.243081,literature,easy
8.970423,9.615612,literature,easy
7.125674,9.366662,literature,easy
7.0647855,9.353241,literature,easy
7.059181,9.356012,literature,easy
7.155197,9.401193,literature,easy
7.1155143,9.369725,literature,easy
7.0633497,9.351965,literature,easy
7.0496645,9.338651,literature,easy
7.0695624,9.353819,literature,easy
7.067293,9.355285,literature,easy
7.0804577,9.3574295,literature,easy
8.120115,10.284258,literature,easy
8.160697,10.333061,literature,easy
8.19076,10.278553,literature,easy
8.213575,10.318655,literature,easy
8.109518,10.354667,literature,easy
8.151612,10.30864,literature,easy
8.146281,10.326931,literature,easy
8.21622,10.326554,literature,easy
8.15065,10.386178,literature,easy
8.141188,10.303248,literature,easy
9.116208,8.879945,literature,easy
8.849668,8.813236,literature,easy
8.732011,8.906039,literature,easy
9.214955,8.969514,literature,easy
8.990044,8.842714,literature,easy
8.5362,9.575448,literature,easy
8.945736,8.783814,literature,easy
8.8366585,8.677242,literature,easy
9.200118,8.882343,literature,easy
8.958588,8.740132,literature,easy
9.920031,9.113384,literature,easy
9.39292,9.888491,literature,easy
8.8773155,9.726836,literature,easy
9.412459,10.097393,literature,easy
9.27346,9.701415,literature,easy
9.531979,9.491485,literature,easy
8.637882,9.778062,literature,easy
8.656742,9.764197,literature,easy
9.428958,9.883543,literature,easy
9.242543,9.719046,literature,easy
9.79306,8.933477,literature,easy
9.798038,8.908404,literature,easy
9.862772,8.870754,literature,easy
9.881487,8.994883,literature,easy
9.704214,8.905985,literature,easy
9.850302,8.86252,literature,easy
9.840706,8.953473,literature,easy
9.883878,8.900265,literature,easy
9.802797,8.958768,literature,easy
10.742745,9.165303,literature,easy
8.837571,9.218647,literature,easy
8.937806,9.353915,literature,easy
8.8216095,9.266973,literature,easy
8.7997675,9.22785,literature,easy
8.794494,9.270246,literature,easy
8.811633,9.2351465,literature,easy
8.758383,9.189642,literature,easy
8.824256,9.230848,literature,easy
8.91761,9.2001295,literature,easy
8.806918,9.214479,literature,easy
9.637699,10.347906,literature,easy
9.544863,10.207383,literature,easy
9.710109,10.326291,literature,easy
9.614335,10.306877,literature,easy
9.648215,10.361381,literature,easy
9.698036,10.430659,literature,easy
9.538802,10.21347,literature,easy
9.6178875,10.349418,literature,easy
9.408306,10.275894,literature,easy
9.609542,10.374991,literature,easy
8.236448,9.623542,literature,medium
8.352038,9.723353,literature,medium
8.339837,9.707458,literature,medium
8.402477,9.699868,literature,medium
8.304108,9.6545,literature,medium
8.39044,9.662025,literature,medium
8.328341,9.6852,literature,medium
8.225471,9.675462,literature,medium
8.31083,9.701052,literature,medium
8.395984,9.676295,literature,medium
8.135416,9.758985,literature,medium
8.136237,9.756699,literature,medium
8.150836,9.753707,literature,medium
8.175955,9.639022,literature,medium
8.170784,9.608453,literature,medium
8.082607,9.689686,literature,medium
8.116249,9.548899,literature,medium
8.238254,9.760955,literature,medium
8.2193,9.769046,literature,medium
8.17218,9.675931,literature,medium
8.748033,9.697618,literature,medium
8.806109,9.72012,literature,medium
8.49163,9.857829,literature,medium
8.566518,9.79454,literature,medium
8.731652,9.962701,literature,medium
8.771104,9.74588,literature,medium
8.709738,9.673084,literature,medium
8.82208,10.104817,literature,medium
8.806437,9.768935,literature,medium
8.84738,9.797307,literature,medium
8.737513,8.645552,literature,medium
8.690503,8.655983,literature,medium
8.749782,8.681492,literature,medium
8.732116,8.6754465,literature,medium
8.7167,8.630192,literature,medium
8.752918,8.709262,literature,medium
8.722232,8.700715,literature,medium
8.846413,8.720103,literature,medium
8.686208,8.627888,literature,medium
8.693671,8.695,literature,medium
10.73844,9.15408,literature,easy
10.654614,9.132864,literature,easy
10.266848,9.195321,literature,easy
10.996823,9.33877,literature,easy
10.26682,9.115578,literature,easy
10.798957,9.106162,literature,easy
10.769742,9.131389,literature,easy
10.166446,9.055896,literature,easy
10.409912,9.1744995,literature,easy
10.269181,9.083182,literature,easy
9.659776,8.954368,literature,easy
9.75229,9.015512,literature,easy
9.528502,9.137248,literature,easy
9.413469,9.287268,literature,easy
9.999786,8.950743,literature,easy
9.598649,8.941599,literature,easy
9.496878,9.393468,literature,easy
9.561634,9.188483,literature,easy
9.694905,9.021945,literature,easy
9.680353,8.961221,literature,easy
9.797133,9.520433,literature,easy
10.110006,9.252449,literature,easy
10.020798,9.446422,literature,easy
10.044448,9.361653,literature,easy
10.16612,9.354183,literature,easy
9.8173895,9.561092,literature,easy
9.831084,9.561645,literature,easy
9.041735,10.128451,literature,easy
9.802901,9.539934,literature,easy
10.059341,9.341016,literature,easy
9.789974,8.933971,literature,easy
9.6354685,8.883464,literature,easy
9.573067,8.856704,literature,easy
9.670896,8.935189,literature,easy
9.613828,8.849225,literature,easy
9.637414,8.862806,literature,easy
9.467655,8.836546,literature,easy
9.683122,8.87412,literature,easy
9.407048,8.788076,literature,easy
9.634607,8.848987,literature,easy
12.208771,10.57282,literature,medium
12.154178,10.563299,literature,medium
12.115415,10.556466,literature,medium
12.065442,10.466942,literature,medium
12.108312,10.530006,literature,medium
12.118602,10.6659355,literature,medium
12.1052,10.548454,literature,medium
12.091335,10.678219,literature,medium
12.130902,10.670443,literature,medium
12.147101,10.534727,literature,medium
8.506545,10.419356,literature,medium
8.54815,10.344738,literature,medium
8.54645,10.253254,literature,medium
8.376116,10.291791,literature,medium
8.411219,10.324491,literature,medium
8.430948,10.234964,literature,medium
8.574438,10.273374,literature,medium
8.572351,9.961786,literature,medium
8.461543,9.940019,literature,medium
8.550253,10.3677435,literature,medium
8.992566,10.420337,literature,medium
9.0013275,10.439286,literature,medium
8.972101,10.442794,literature,medium
9.022828,10.434811,literature,medium
9.275732,10.192847,literature,medium
9.022843,10.379456,literature,medium
8.906648,10.332786,literature,medium
9.035411,10.468703,literature,medium
9.072947,10.448341,literature,medium
8.948902,10.502866,literature,medium
8.265229,10.4553385,literature,medium
8.320856,10.489364,literature,medium
8.31881,10.492539,literature,medium
8.330994,10.4605465,literature,medium
8.217516,10.417911,literature,medium
8.258566,10.446058,literature,medium
8.19593,10.427667,literature,medium
8.238972,10.52439,literature,medium
8.185274,10.518816,literature,medium
8.210695,10.450637,literature,medium
8.653046,10.287177,literature,medium
8.799553,10.259092,literature,medium
8.812811,10.263865,literature,medium
8.657265,10.354733,literature,medium
8.846871,10.243143,literature,medium
8.5651245,10.276029,literature,medium
8.7562685,10.208104,literature,medium
8.6605015,10.256056,literature,medium
8.754753,10.240922,literature,medium
8.679153,10.313723,literature,medium
9.704877,10.390953,literature,medium
9.749526,10.417321,literature,medium
9.736118,10.39247,literature,medium
9.645232,10.34687,literature,medium
9.709062,10.393698,literature,medium
9.681674,10.36982,literature,medium
9.695583,10.397742,literature,medium
9.70868,10.412133,literature,medium
9.699599,10.38629,literature,medium
9.805637,10.389992,literature,medium
3.0022488,6.6850586,literature,hard
3.003748,6.6950197,literature,hard
2.9857512,6.6844163,literature,hard
3.0184138,6.7045665,literature,hard
2.9999318,6.689966,literature,hard
2.962473,6.664413,literature,hard
3.013805,6.6742387,literature,hard
3.0167353,6.704454,literature,hard
2.9463377,6.6544533,literature,hard
3.0040336,6.694142,literature,hard
15.340107,7.1009917,materials_science,easy
14.91594,7.073264,materials_science,easy
14.945965,7.184636,materials_science,easy
15.365252,6.369988,materials_science,easy
15.0475445,5.9748516,materials_science,easy
15.075491,6.7659507,materials_science,easy
15.33743,6.284872,materials_science,easy
14.963372,6.5411997,materials_science,easy
14.966972,6.6495614,materials_science,easy
15.173757,6.6032724,materials_science,easy
15.181015,6.7310576,materials_science,easy
15.236173,6.274068,materials_science,easy
15.100962,6.8981123,materials_science,easy
15.007622,6.762149,materials_science,easy
14.302655,6.7813673,materials_science,easy
15.329247,6.492571,materials_science,easy
15.011554,6.60492,materials_science,easy
15.158775,7.26307,materials_science,easy
15.004568,6.7111945,materials_science,easy
14.719207,5.730287,materials_science,easy
14.955196,7.033406,materials_science,medium
14.961731,7.5796432,materials_science,medium
15.403704,6.4765086,materials_science,medium
15.284108,6.7753773,materials_science,medium
15.17766,6.310386,materials_science,medium
15.158701,6.631203,materials_science,medium
15.311542,6.7245536,materials_science,medium
14.966556,6.5945225,materials_science,medium
14.281006,7.6976,materials_science,medium
15.078155,6.653037,materials_science,medium
15.400769,6.7466006,materials_science,medium
15.267353,6.227027,materials_science,medium
15.261092,7.0390635,materials_science,medium
15.216703,6.50627,materials_science,medium
15.058226,6.6133814,materials_science,medium
15.53583,6.375092,materials_science,medium
15.420093,6.481185,materials_science,medium
15.147309,6.2292986,materials_science,medium
15.123941,6.601336,materials_science,medium
15.489155,6.5535383,materials_science,medium
12.581345,11.362506,materials_science,medium
12.204199,11.252898,materials_science,medium
12.321058,11.372866,materials_science,medium
12.288321,11.347187,materials_science,medium
12.972123,12.265666,materials_science,medium
12.991944,12.2464905,materials_science,medium
12.208908,11.475011,materials_science,medium
13.044972,11.552779,materials_science,medium
12.672185,11.387709,materials_science,medium
12.371415,11.25284,materials_science,medium
12.9547415,10.97323,materials_science,medium
12.613265,10.884775,materials_science,medium
12.651453,11.202242,materials_science,medium
12.881622,11.1110935,materials_science,medium
12.971007,11.061115,materials_science,medium
12.740178,11.100743,materials_science,medium
13.305177,11.507938,materials_science,medium
13.142494,11.117832,materials_science,medium
12.780737,10.989104,materials_science,medium
12.818217,11.113533,materials_science,medium
12.080319,9.539255,materials_science,medium
11.983146,9.150544,materials_science,medium
12.545295,9.131747,materials_science,medium
11.860444,9.157903,materials_science,medium
12.174612,9.184264,materials_science,medium
12.075417,9.290851,materials_science,medium
12.497752,9.099898,materials_science,medium
12.684559,9.144573,materials_science,medium
12.6775465,9.149079,materials_science,medium
12.422627,9.1953335,materials_science,medium
14.668769,6.708733,materials_science,easy
14.797757,7.0124054,materials_science,easy
14.931753,6.5246096,materials_science,easy
14.430502,6.93281,materials_science,easy
14.296636,6.9126477,materials_science,easy
15.048063,6.3041215,materials_science,easy
14.958572,6.4887676,materials_science,easy
14.901734,6.6010637,materials_science,easy
14.992379,6.309069,materials_science,easy
14.53402,6.9605727,materials_science,easy
14.640817,7.0513444,materials_science,easy
14.667557,6.856124,materials_science,easy
14.551023,7.2522535,materials_science,easy
14.597328,6.8131166,materials_science,easy
14.285019,5.7616553,materials_science,easy
14.857952,6.614554,materials_science,easy
14.70485,6.6314516,materials_science,easy
14.756284,6.407024,materials_science,easy
14.773522,6.5880413,materials_science,easy
14.751675,6.901794,materials_science,easy
14.521503,8.774889,materials_science,easy
14.268952,8.829239,materials_science,easy
14.135387,8.770794,materials_science,easy
13.97933,8.35171,materials_science,easy
14.469747,8.633936,materials_science,easy
14.196267,8.55761,materials_science,easy
14.189488,8.452796,materials_science,easy
14.276523,8.455837,materials_science,easy
14.084703,8.449543,materials_science,easy
14.239391,8.589021,materials_science,easy
11.739303,8.632468,materials_science,medium
11.666961,8.870854,materials_science,medium
12.036239,8.692183,materials_science,medium
11.806092,8.616967,materials_science,medium
11.714413,8.58281,materials_science,medium
11.862772,8.525457,materials_science,medium
12.295251,9.664367,materials_science,medium
11.812302,8.560765,materials_science,medium
12.482474,8.979116,materials_science,medium
11.881724,8.457335,materials_science,medium
13.617815,11.856727,materials_science,medium
12.179946,12.049975,materials_science,medium
12.969461,11.679562,materials_science,medium
12.722435,11.765421,materials_science,medium
12.473868,11.803275,materials_science,medium
12.608725,11.963154,materials_science,medium
13.395084,11.800203,materials_science,medium
13.668708,11.79606,materials_science,medium
12.503647,11.615687,materials_science,medium
12.130858,12.085664,materials_science,medium
14.541799,13.403571,materials_science,medium
13.983383,13.209883,materials_science,medium
14.065481,13.376065,materials_science,medium
14.553717,13.3840885,materials_science,medium
14.349045,13.419913,materials_science,medium
14.474024,13.457226,materials_science,medium
14.46756,13.463801,materials_science,medium
14.127087,13.396961,materials_science,medium
14.180992,13.33369,materials_science,medium
14.505038,13.38078,materials_science,medium
16.176386,5.8878736,materials_science,hard
16.233982,5.844003,materials_science,hard
16.239758,5.8313093,materials_science,hard
16.24995,5.8292747,materials_science,hard
16.252121,5.819358,materials_science,hard
16.252073,5.824439,materials_science,hard
16.230513,5.8428135,materials_science,hard
16.243927,5.8371234,materials_science,hard
16.251017,5.798485,materials_science,hard
16.26879,5.8415804,materials_science,hard
13.371395,5.714108,medicine,easy
13.628485,5.9745107,medicine,easy
13.409904,5.3767247,medicine,easy
13.4784975,5.429724,medicine,easy
13.340929,6.294966,medicine,easy
13.387127,5.3807106,medicine,easy
13.52644,5.2877913,medicine,easy
13.663447,6.4927597,medicine,easy
14.721131,7.237946,medicine,easy
13.772168,5.6920133,medicine,easy
13.911353,5.9421315,medicine,easy
13.814041,5.923351,medicine,easy
13.611271,5.8339925,medicine,easy
13.539687,5.6792502,medicine,easy
13.570938,5.915821,medicine,easy
13.6916895,6.0540667,medicine,easy
14.405553,5.8673716,medicine,easy
13.488652,5.800773,medicine,easy
13.798032,5.767821,medicine,easy
13.896659,5.631247,medicine,easy
13.506282,6.0368557,medicine,medium
13.571516,5.9493237,medicine,medium
13.604061,5.7643127,medicine,medium
13.449047,5.0582914,medicine,medium
13.47846,4.8813624,medicine,medium
13.717068,5.2745833,medicine,medium
13.599268,5.979902,medicine,medium
13.329678,5.6847906,medicine,medium
13.541495,9.702269,medicine,medium
13.606734,5.2385983,medicine,medium
13.455393,5.2422814,medicine,medium
13.5518675,5.8914104,medicine,medium
13.551012,5.6410384,medicine,medium
13.2978115,5.518126,medicine,medium
13.349427,5.0786,medicine,medium
13.349952,6.179712,medicine,medium
13.576741,5.815714,medicine,medium
13.604738,5.876705,medicine,medium
13.47075,5.4817123,medicine,medium
13.484634,5.7017603,medicine,medium
13.435357,11.750571,medicine,medium
12.937523,12.324923,medicine,medium
12.622213,11.352051,medicine,medium
12.213764,11.328458,medicine,medium
12.422606,11.217049,medicine,medium
12.506151,11.856767,medicine,medium
12.874598,11.723624,medicine,medium
12.060723,11.111346,medicine,medium
12.837552,12.343668,medicine,medium
12.265327,11.550827,medicine,medium
12.3382015,11.512778,medicine,medium
13.238171,11.514264,medicine,medium
12.707683,11.373307,medicine,medium
13.0288105,11.114804,medicine,medium
12.759096,10.996033,medicine,medium
13.0534115,11.380679,medicine,medium
12.929647,11.022894,medicine,medium
12.372042,10.541633,medicine,medium
12.829072,11.622864,medicine,medium
12.658385,10.796212,medicine,medium
11.938398,8.775258,medicine,medium
12.044385,9.004352,medicine,medium
12.083863,8.865518,medicine,medium
12.087419,9.494874,medicine,medium
11.885831,8.885142,medicine,medium
12.021895,9.003443,medicine,medium
12.026127,9.278572,medicine,medium
11.978178,8.848109,medicine,medium
11.83842,9.28509,medicine,medium
11.577672,8.960884,medicine,medium
13.289684,6.765527,medicine,easy
13.233819,6.4797006,medicine,easy
13.490186,7.3610816,medicine,easy
13.285463,6.4234877,medicine,easy
13.375173,5.327482,medicine,easy
13.466539,7.3578825,medicine,easy
13.987736,8.206573,medicine,easy
13.262666,6.4192643,medicine,easy
13.72797,5.808139,medicine,easy
13.29654,6.869407,medicine,easy
13.284201,6.501645,medicine,easy
13.28298,6.4072847,medicine,easy
13.661128,7.320588,medicine,easy
13.385309,6.4552655,medicine,easy
13.278949,6.4227138,medicine,easy
13.795041,7.951784,medicine,easy
13.313184,6.389679,medicine,easy
13.202282,6.487683,medicine,easy
14.003182,5.648242,medicine,easy
13.350852,6.3701463,medicine,easy
13.816109,8.348593,medicine,easy
14.060427,8.691943,medicine,easy
14.046657,8.585438,medicine,easy
13.9034605,8.240752,medicine,easy
13.936224,8.368576,medicine,easy
13.880955,8.353732,medicine,easy
14.145547,8.547932,medicine,easy
13.973378,8.483652,medicine,easy
14.048401,8.486692,medicine,easy
13.960737,8.221948,medicine,easy
11.450405,8.92977,medicine,medium
11.30932,8.866386,medicine,medium
11.289171,8.86142,medicine,medium
11.640528,8.893204,medicine,medium
11.322347,8.859587,medicine,medium
11.933056,8.70118,medicine,medium
11.955559,8.880436,medicine,medium
11.694838,8.665638,medicine,medium
11.796026,8.579492,medicine,medium
11.619752,8.701132,medicine,medium
12.189473,12.106878,medicine,medium
12.597698,11.497462,medicine,medium
12.167777,12.141733,medicine,medium
12.564412,11.829046,medicine,medium
12.420678,11.845114,medicine,medium
12.193559,12.052925,medicine,medium
12.0916605,12.181513,medicine,medium
12.963146,11.70251,medicine,medium
12.198923,12.13204,medicine,medium
12.521136,11.609212,medicine,medium
14.754985,13.250244,medicine,medium
14.123306,13.38073,medicine,medium
14.461075,13.453438,medicine,medium
14.5905,13.383767,medicine,medium
14.29124,13.509749,medicine,medium
14.73026,13.236299,medicine,medium
14.581529,13.368298,medicine,medium
14.205296,13.363983,medicine,medium
14.339726,13.523838,medicine,medium
14.240945,13.568835,medicine,medium
13.367491,-1.1198905,medicine,hard
13.375418,-1.0704148,medicine,hard
13.397197,-1.0766268,medicine,hard
13.396073,-1.035996,medicine,hard
13.402549,-1.0602511,medicine,hard
13.374177,-1.0967606,medicine,hard
13.168532,-1.2522388,medicine,hard
13.228539,-1.1624429,medicine,hard
13.35824,-1.1928518,medicine,hard
13.423906,-1.1705912,medicine,hard
15.674486,7.3600125,physics,easy
15.182807,7.3430786,physics,easy
15.39863,7.166232,physics,easy
15.513457,6.9304886,physics,easy
14.608011,7.2889843,physics,easy
15.601877,7.1891117,physics,easy
15.735916,7.3341885,physics,easy
14.806529,7.217635,physics,easy
14.267364,7.251599,physics,easy
15.605646,7.237298,physics,easy
15.235551,7.337586,physics,easy
15.259868,7.2904587,physics,easy
14.8081875,7.4692864,physics,easy
15.01621,7.4188848,physics,easy
15.093547,7.270398,physics,easy
14.90075,7.393071,physics,easy
15.365476,7.2920623,physics,easy
14.832056,7.487288,physics,easy
15.115923,7.220066,physics,easy
15.378448,7.2989254,physics,easy
15.691995,6.847195,physics,medium
15.37785,7.3179026,physics,medium
15.549911,7.0409327,physics,medium
15.461998,7.147244,physics,medium
13.039478,8.268257,physics,medium
15.435388,7.110578,physics,medium
15.33551,6.995381,physics,medium
14.684944,8.352171,physics,medium
15.074019,7.0817795,physics,medium
15.338663,7.211467,physics,medium
15.543342,7.089497,physics,medium
14.832073,7.380562,physics,medium
15.406345,7.1293883,physics,medium
15.465685,7.348107,physics,medium
15.011323,7.474451,physics,medium
15.310049,7.2397127,physics,medium
14.916399,7.4827375,physics,medium
15.373791,7.28738,physics,medium
15.382862,7.1218534,physics,medium
15.316,7.236657,physics,medium
13.224101,11.488942,physics,medium
13.3254175,11.370563,physics,medium
13.339231,11.649048,physics,medium
12.137905,11.496364,physics,medium
12.831327,12.253175,physics,medium
12.890556,12.310414,physics,medium
12.112359,11.3490305,physics,medium
12.102853,11.250632,physics,medium
12.106678,11.207624,physics,medium
12.494697,11.427966,physics,medium
12.665457,11.207272,physics,medium
12.776392,10.98095,physics,medium
12.255524,10.572295,physics,medium
12.230733,10.483477,physics,medium
12.71527,11.124088,physics,medium
12.915567,11.19442,physics,medium
13.49394,11.23017,physics,medium
13.143331,11.566473,physics,medium
12.603338,11.462357,physics,medium
12.172396,10.538553,physics,medium
12.456038,9.322919,physics,medium
12.114218,9.655054,physics,medium
11.918761,9.377191,physics,medium
12.017639,9.100791,physics,medium
12.643792,9.113508,physics,medium
12.038172,9.2833,physics,medium
12.17632,9.1376,physics,medium
12.050771,9.645598,physics,medium
11.989529,9.250857,physics,medium
11.942927,9.223678,physics,medium
15.119444,7.259138,physics,easy
14.421785,7.0529666,physics,easy
13.992233,7.119964,physics,easy
14.109664,8.491522,physics,easy
14.891132,7.234601,physics,easy
14.339677,7.064448,physics,easy
14.756446,6.359036,physics,easy
14.212973,6.808761,physics,easy
14.8924675,7.0547056,physics,easy
15.783615,7.42465,physics,easy
14.303441,7.1100965,physics,easy
14.2209015,7.027611,physics,easy
14.379042,7.0129185,physics,easy
14.508934,7.0967836,physics,easy
14.71084,7.1432815,physics,easy
14.564892,7.072765,physics,easy
14.441877,7.077175,physics,easy
12.675826,8.815783,physics,easy
14.38752,7.02055,physics,easy
14.443972,7.081994,physics,easy
13.697175,8.545438,physics,easy
14.096662,8.442353,physics,easy
14.223641,8.587729,physics,easy
14.044415,8.593838,physics,easy
14.088423,8.813871,physics,easy
14.077865,8.599988,physics,easy
14.293847,8.8415365,physics,easy
14.031963,8.832502,physics,easy
14.046194,8.450546,physics,easy
14.12034,8.648682,physics,easy
11.866851,8.963668,physics,medium
11.829792,8.549933,physics,medium
11.852704,8.674895,physics,medium
11.813961,8.720149,physics,medium
11.823318,8.562921,physics,medium
11.732787,8.695674,physics,medium
11.873917,8.570372,physics,medium
11.879748,8.953555,physics,medium
11.857364,8.627082,physics,medium
11.79735,8.837987,physics,medium
12.211852,12.095702,physics,medium
13.299291,11.847493,physics,medium
13.492332,11.525099,physics,medium
12.460752,12.15447,physics,medium
12.673267,11.600302,physics,medium
12.333981,11.904573,physics,medium
12.563227,11.956438,physics,medium
12.159166,12.139098,physics,medium
12.339879,12.012137,physics,medium
12.655637,11.688817,physics,medium
14.262361,13.555714,physics,medium
14.703624,13.252577,physics,medium
14.755521,13.347526,physics,medium
14.355327,13.472135,physics,medium
14.3601265,13.454486,physics,medium
14.468812,13.446804,physics,medium
14.700719,13.300335,physics,medium
14.37112,13.52215,physics,medium
14.636932,13.332282,physics,medium
14.620601,13.318469,physics,medium
15.965621,7.474027,physics,hard
15.867755,7.400035,physics,hard
15.98375,7.4696555,physics,hard
15.912363,7.3966513,physics,hard
15.909112,7.430326,physics,hard
15.942811,7.4620833,physics,hard
15.693365,7.352543,physics,hard
15.938316,7.4468865,physics,hard
15.985912,7.4250054,physics,hard
15.933221,7.4426475,physics,hard
